网络热梗,来源
我们致力于记录和传播,波普辞典
但其实还有点,波普辞典
典型内爆式愤怒,波普辞典
你房里这袜子日干咧,波普辞典
您之莫港起方言,波普辞典
莫名其妙,波普辞典
藏了啥,波普辞典
总带着点夸张夸得真实的味,波普辞典
年轻人的流行文化词典,波普辞典
你激动个啥,波普辞典
小心翻船,波普辞典
会儿,波普辞典
但它不仅仅是描述姿势,波普辞典
港两句,波普辞典
她三个月瘦了四十斤,波普辞典
几得心里,波普辞典
凡是让人一头雾水的突发事,波普辞典
一栋栋的来方言,波普辞典
的情绪滤镜,波普辞典
几得秀,波普辞典
日干方言,波普辞典
是强力结束话题的终极武器,波普辞典
惊讶突然事件常德话,波普辞典
没啥事,波普辞典
的莽撞,波普辞典
其实是个麻浑水,波普辞典
其实就是,波普辞典
代网络语言现象,波普辞典
这简直是日天行为,波普辞典
门词汇最新收录词汇分,波普辞典
在常德话里其实是形容东西,波普辞典
关注开发者快速链接热门词,波普辞典
版本,波普辞典
骂人术,波普辞典
你上次考驾照怎么又挂,波普辞典
还没嫁人呢,波普辞典
日中文解释别听着像脏话,波普辞典
在常德话里其实是形容,波普辞典
一般用于对某件事情过,波普辞典
它在常德人嘴里可是自带音,波普辞典
好的人,波普辞典
一句,波普辞典
升级成了带地方口味的,波普辞典
拍马屁讽刺常德话,波普辞典
老板明明骗工资,波普辞典
方言,波普辞典
类贡献词汇使用指南关,波普辞典
喝卵啦,波普辞典
学生用语,波普辞典
我手机响了一下,波普辞典
自信过头整活显眼包,波普辞典
情绪表达避谈常德话,波普辞典
无脑操作冲动常德话,波普辞典
于我们法律与支持隐私,波普辞典
朋友,波普辞典
有点像,波普辞典
它在常德人嘴里可是自,波普辞典
小李那个笑,波普辞典
结果一栋栋的来,波普辞典
指的是未婚女子的家,波普辞典
算是数量单位中的战斗,波普辞典
合理,波普辞典
今早无呛隔就谈对象了,波普辞典
于无语或不堪回首的时,波普辞典
你上次考驾照怎么又挂咯,波普辞典
日中文解释这个组合拳,波普辞典
就像一盆冷水,波普辞典
算是数量单位中的战斗机,波普辞典
是强力结束话题的终极,波普辞典
年轻人的流行文化词典波普,波普辞典
常德人不绕弯子,波普辞典
风吹屁屁凉,波普辞典
无论是八卦还是抱怨,波普辞典
方言热门标签浏览所有,波普辞典
保留所有权利,波普辞典
都可以用它来,波普辞典
帮助用户更好地理解当代网,波普辞典
带音响效果的万能动词,波普辞典
哎哟妈,波普辞典
汇查看更多热门词汇精,波普辞典
别跟这种人走太近,波普辞典
看更多热门词汇精选分类,波普辞典
社交媒体,波普辞典
男的还是她快递小哥,波普辞典
标签波普辞典探索现代,波普辞典
八卦婚姻状态常德话,波普辞典
姑儿噶,波普辞典
升级成了带地方口味的版本,波普辞典
笑起来像热爱生活,波普辞典
都是信手拈来,波普辞典
支持隐私政策免责申明联系,波普辞典
朋友A,波普辞典
结果门口突然像开了大,波普辞典
我一上车车就熄火,波普辞典
我妈一进我房间就吼,波普辞典
无卵事,波普辞典
肉麻死咯,波普辞典
语言风格网络质疑常德,波普辞典
在社交媒体,波普辞典
频出,波普辞典
巨大阴谋,网络热梗百科
玩家在弹幕中所取,网络热梗百科
典对话,网络热梗百科
配上这类文字,网络热梗百科
佐菲你出息了啊,网络热梗百科
是贝利亚在奥特曼剧中对佐,网络热梗百科
默说法,网络热梗百科
每个人付出的勤奋给予,网络热梗百科
就是说阎王爷每隔九年就会,网络热梗百科
马上订婚了,网络热梗百科
用户协议,网络热梗百科
能有更多认识和接触的机会,网络热梗百科
适不适合结婚过日子,网络热梗百科
a配上这类文字,网络热梗百科
微信通讯录里面就会显,网络热梗百科
网络流行语大全,网络热梗百科
爷收入地府,网络热梗百科
因为长得很胖,网络热梗百科
加载更多,网络热梗百科
作为一些地府人员,网络热梗百科
假借朋友的名义提问,网络热梗百科
常出现在喝酒打车的弹幕中,网络热梗百科
在决赛中直接化身邪恶胖球,网络热梗百科
前NAVI战队职业选手b,网络热梗百科
最近被大家用视频的形式完,网络热梗百科
而且又是一个能打发时,网络热梗百科
我有个朋友,网络热梗百科
这种昵称也一度收到年,网络热梗百科
最初来自,网络热梗百科
但是碍于面子,网络热梗百科
意思是佐菲变得更强大了,网络热梗百科
令人难以抗拒的一种幽,网络热梗百科
注册,网络热梗百科
式完美的演绎了出来,网络热梗百科
好胖球的裂开写法,网络热梗百科
情升华,网络热梗百科
传播得到处都是,网络热梗百科
结果在别人的作品下面,网络热梗百科
关于我们,网络热梗百科
常出现在喝酒打车的弹,网络热梗百科
而后来随着chikawa,网络热梗百科
水深受男性用户的喜欢,网络热梗百科
是指某段时间风靡一时的昵,网络热梗百科
有网友开始给,网络热梗百科
一位喝醉酒的女士打车,网络热梗百科
所以现在不少人相亲时会安,网络热梗百科
蒲公英,网络热梗百科
视频博客,网络热梗百科
间的事情,网络热梗百科
上冲浪,网络热梗百科
相亲双方通过摘草莓环节,网络热梗百科
热梗百科,网络热梗百科
现在成了相亲的标配环,网络热梗百科
排上这一流程,网络热梗百科
意思是佐菲变得更强大,网络热梗百科
胖球的裂开写法,网络热梗百科
这种昵称也一度收到年轻人,网络热梗百科
相亲双方通过摘草莓环,网络热梗百科
带领,网络热梗百科
之情,网络热梗百科
滇ICP备,网络热梗百科
不好意思直接开口,网络热梗百科
花开富贵深受女性用户,网络热梗百科
嘲讽佐菲,网络热梗百科
的贝利亚早期形态嘲讽佐菲,网络热梗百科
点赞,网络热梗百科
q空间上发布的一些两位男,网络热梗百科
有网友开始给chikaw,网络热梗百科
要当新娘了,网络热梗百科
的昵称,网络热梗百科
本身是一个成语,网络热梗百科
在地府报道上,网络热梗百科
全称为eat,网络热梗百科
点卯的读音是,网络热梗百科
他啥都不知道,网络热梗百科
得名于他二百多斤圆滚滚的,网络热梗百科
你今天做了什么菜和烘培,网络热梗百科
代指中老年男性,网络热梗百科
NAVI战队的里面的大胖,网络热梗百科
的时候能从多维度看出,网络热梗百科
菲发出的嘲讽,网络热梗百科
出自,网络热梗百科
战队的里面的大胖球选,网络热梗百科
受男性用户的喜欢,网络热梗百科
看以后适不适合做女朋友,网络热梗百科
来表达同性之间的爱慕,网络热梗百科
登录,网络热梗百科
因为上了年纪的男性喜欢把,网络热梗百科
都值得记录,网络热梗百科
来源于中国,网络热梗百科
短视频,网络热梗百科
凡被点到卯的人都会被,网络热梗百科
是贝利亚在奥特曼剧中,网络热梗百科
示在最前面,网络热梗百科
这种昵称是模仿中老年,网络热梗百科
用户云溪在,网络热梗百科
谈过,网络热梗百科
得名于他二百多斤圆滚,网络热梗百科
摘草莓,网络热梗百科
这个朋友就是自己,网络热梗百科
